gc_id,timestamp,pause_type,heap_before,heap_after,heap_total,pause_ms,user_time,sys_time,real_time,mark_start_ms,mark_end_ms,relocate_start_ms,relocate_end_ms
0,2025-08-01T01:29:20Z,Relocate Start,,,,,,,,0.007,0.013,0.015,
1,2025-08-01T01:29:20Z,Relocate Start,,,,,,,,0.006,0.013,0.012,
2,2025-08-01T01:29:21Z,Relocate Start,,,,,,,,0.008,0.017,0.014,
3,2025-08-01T01:29:21Z,Relocate Start,,,,,,,,0.005,0.017,0.011,
4,2025-08-01T01:29:22Z,Relocate Start,,,,,,,,0.01,0.019,0.012,
5,2025-08-01T01:29:23Z,Relocate Start,,,,,,,,0.009,0.016,0.01,
6,2025-08-01T01:29:23Z,Relocate Start,,,,,,,,0.01,0.023,0.009,
7,2025-08-01T01:29:23Z,Relocate Start,,,,,,,,0.008,0.019,0.013,
8,2025-08-01T01:29:24Z,Relocate Start,,,,,,,,0.008,0.018,0.009,
9,2025-08-01T01:29:24Z,Relocate Start,,,,,,,,0.012,0.015,0.007,
10,2025-08-01T01:29:25Z,Relocate Start,,,,,,,,0.014,0.014,0.011,
11,2025-08-01T01:29:25Z,Relocate Start,,,,,,,,0.013,0.014,0.011,
12,2025-08-01T01:29:26Z,Relocate Start,,,,,,,,0.012,0.014,0.02,
13,2025-08-01T01:29:26Z,Relocate Start,,,,,,,,0.013,0.02,0.012,
14,2025-08-01T01:29:26Z,Relocate Start,,,,,,,,0.007,0.021,0.018,
15,2025-08-01T01:29:27Z,Relocate Start,,,,,,,,0.009,0.016,0.012,
16,2025-08-01T01:29:27Z,Relocate Start,,,,,,,,0.009,0.016,0.009,
17,2025-08-01T01:29:28Z,Relocate Start,,,,,,,,0.012,0.027,0.02,
18,2025-08-01T01:29:28Z,Relocate Start,,,,,,,,0.019,0.014,0.013,
19,2025-08-01T01:29:29Z,Relocate Start,,,,,,,,0.008,0.016,0.012,
20,2025-08-01T01:29:29Z,Relocate Start,,,,,,,,0.009,0.019,0.01,
21,2025-08-01T01:29:30Z,Relocate Start,,,,,,,,0.011,0.017,0.008,
22,2025-08-01T01:29:30Z,Relocate Start,,,,,,,,0.01,0.017,0.013,
23,2025-08-01T01:29:30Z,Relocate Start,,,,,,,,0.008,0.012,0.009,
24,2025-08-01T01:29:31Z,Relocate Start,,,,,,,,0.011,0.018,0.02,
25,2025-08-01T01:29:31Z,Relocate Start,,,,,,,,0.01,0.017,0.01,
26,2025-08-01T01:29:31Z,Relocate Start,,,,,,,,0.007,0.068,0.011,
27,2025-08-01T01:29:32Z,Relocate Start,,,,,,,,0.009,0.012,0.014,
28,2025-08-01T01:29:32Z,Relocate Start,,,,,,,,0.007,0.014,0.02,
29,2025-08-01T01:29:33Z,Relocate Start,,,,,,,,0.008,0.016,0.014,
30,2025-08-01T01:29:33Z,Relocate Start,,,,,,,,0.009,0.013,0.011,
31,2025-08-01T01:29:33Z,Relocate Start,,,,,,,,0.008,0.016,0.012,
32,2025-08-01T01:29:34Z,Relocate Start,,,,,,,,0.008,0.013,0.01,
33,2025-08-01T01:29:34Z,Relocate Start,,,,,,,,0.007,0.024,0.009,
34,2025-08-01T01:29:35Z,Relocate Start,,,,,,,,0.01,0.017,0.012,
35,2025-08-01T01:29:35Z,Relocate Start,,,,,,,,0.011,0.014,0.014,
36,2025-08-01T01:29:36Z,Relocate Start,,,,,,,,0.01,0.018,0.013,
37,2025-08-01T01:29:36Z,Relocate Start,,,,,,,,0.011,0.019,0.014,
38,2025-08-01T01:29:36Z,Relocate Start,,,,,,,,0.008,0.016,0.012,
39,2025-08-01T01:29:37Z,Relocate Start,,,,,,,,0.009,0.019,0.01,
40,2025-08-01T01:29:37Z,Relocate Start,,,,,,,,0.009,0.015,0.016,
41,2025-08-01T01:29:38Z,Relocate Start,,,,,,,,0.011,0.016,0.011,
42,2025-08-01T01:29:38Z,Relocate Start,,,,,,,,0.008,0.016,0.018,
43,2025-08-01T01:29:38Z,Relocate Start,,,,,,,,0.011,0.016,0.016,
44,2025-08-01T01:29:39Z,Relocate Start,,,,,,,,0.007,0.018,0.01,
45,2025-08-01T01:29:39Z,Relocate Start,,,,,,,,0.01,0.016,0.011,
46,2025-08-01T01:29:39Z,Relocate Start,,,,,,,,0.009,0.019,0.015,
47,2025-08-01T01:29:40Z,Relocate Start,,,,,,,,0.011,0.015,0.016,
48,2025-08-01T01:29:40Z,Relocate Start,,,,,,,,0.008,0.017,0.015,
49,2025-08-01T01:29:41Z,Relocate Start,,,,,,,,0.011,0.021,0.018,
50,2025-08-01T01:29:41Z,Relocate Start,,,,,,,,0.01,0.017,0.016,
51,2025-08-01T01:29:41Z,Relocate Start,,,,,,,,0.013,0.018,0.011,
52,2025-08-01T01:29:42Z,Relocate Start,,,,,,,,0.009,0.018,0.011,
53,2025-08-01T01:29:42Z,Relocate Start,,,,,,,,0.007,0.018,0.014,
54,2025-08-01T01:29:43Z,Relocate Start,,,,,,,,0.006,0.015,0.017,
55,2025-08-01T01:29:43Z,Relocate Start,,,,,,,,0.008,0.018,0.011,
56,2025-08-01T01:29:43Z,Relocate Start,,,,,,,,0.008,0.015,0.008,
57,2025-08-01T01:29:44Z,Relocate Start,,,,,,,,0.014,0.02,0.015,
58,2025-08-01T01:29:44Z,Relocate Start,,,,,,,,0.008,0.029,0.023,
59,2025-08-01T01:29:44Z,Relocate Start,,,,,,,,0.014,0.017,0.011,
60,2025-08-01T01:29:45Z,Relocate Start,,,,,,,,0.006,0.013,0.014,
61,2025-08-01T01:29:45Z,Relocate Start,,,,,,,,0.01,0.012,0.012,
62,2025-08-01T01:29:45Z,Relocate Start,,,,,,,,0.02,0.014,0.01,
63,2025-08-01T01:29:46Z,Relocate Start,,,,,,,,0.008,0.016,0.015,
64,2025-08-01T01:29:46Z,Relocate Start,,,,,,,,0.009,0.023,0.018,
65,2025-08-01T01:29:47Z,Relocate Start,,,,,,,,0.013,0.082,0.015,
66,2025-08-01T01:29:47Z,Relocate Start,,,,,,,,0.007,0.022,0.008,
67,2025-08-01T01:29:48Z,Relocate Start,,,,,,,,0.009,0.019,0.015,
68,2025-08-01T01:29:48Z,Relocate Start,,,,,,,,0.01,0.015,0.017,
69,2025-08-01T01:29:48Z,Relocate Start,,,,,,,,0.009,0.021,0.013,
70,2025-08-01T01:29:49Z,Relocate Start,,,,,,,,0.012,0.018,0.022,
71,2025-08-01T01:29:49Z,Relocate Start,,,,,,,,0.013,0.019,0.02,
72,2025-08-01T01:29:50Z,Relocate Start,,,,,,,,0.01,0.012,0.009,
73,2025-08-01T01:29:50Z,Relocate Start,,,,,,,,0.014,0.019,0.016,
74,2025-08-01T01:29:50Z,Relocate Start,,,,,,,,0.009,0.018,0.014,
75,2025-08-01T01:29:51Z,Relocate Start,,,,,,,,0.013,0.015,0.012,
76,2025-08-01T01:29:52Z,Relocate Start,,,,,,,,0.065,0.016,0.01,
77,2025-08-01T01:29:52Z,Relocate Start,,,,,,,,0.01,0.018,0.014,
78,2025-08-01T01:29:52Z,Relocate Start,,,,,,,,0.01,0.015,0.011,
79,2025-08-01T01:29:53Z,Relocate Start,,,,,,,,0.006,0.014,0.009,
80,2025-08-01T01:29:53Z,Relocate Start,,,,,,,,0.008,0.017,0.01,
81,2025-08-01T01:29:54Z,Relocate Start,,,,,,,,0.016,0.017,0.008,
82,2025-08-01T01:29:54Z,Relocate Start,,,,,,,,0.008,0.015,0.015,
83,2025-08-01T01:29:54Z,Relocate Start,,,,,,,,0.009,0.021,0.01,
84,2025-08-01T01:29:55Z,Relocate Start,,,,,,,,0.018,0.021,0.011,
85,2025-08-01T01:29:55Z,Relocate Start,,,,,,,,0.01,0.04,0.013,
86,2025-08-01T01:29:56Z,Relocate Start,,,,,,,,0.009,0.014,0.01,
87,2025-08-01T01:29:56Z,Relocate Start,,,,,,,,0.015,0.028,0.017,
88,2025-08-01T01:29:57Z,Relocate Start,,,,,,,,0.007,0.021,0.01,
89,2025-08-01T01:29:57Z,Relocate Start,,,,,,,,0.015,0.026,0.013,
90,2025-08-01T01:29:58Z,Relocate Start,,,,,,,,0.018,0.027,0.022,
91,2025-08-01T01:29:58Z,Relocate Start,,,,,,,,0.009,0.019,0.014,
92,2025-08-01T01:29:59Z,Relocate Start,,,,,,,,0.01,0.015,0.013,
93,2025-08-01T01:29:59Z,Relocate Start,,,,,,,,0.007,0.016,0.013,
94,2025-08-01T01:30:00Z,Relocate Start,,,,,,,,0.03,0.016,0.011,
95,2025-08-01T01:30:00Z,Relocate Start,,,,,,,,0.017,0.019,0.013,
96,2025-08-01T01:30:00Z,Relocate Start,,,,,,,,0.013,0.024,0.017,
97,2025-08-01T01:30:01Z,Relocate Start,,,,,,,,0.019,0.016,0.013,
98,2025-08-01T01:30:01Z,Relocate Start,,,,,,,,0.007,0.038,0.014,
99,2025-08-01T01:30:02Z,Relocate Start,,,,,,,,0.023,0.019,0.012,
100,2025-08-01T01:30:02Z,Relocate Start,,,,,,,,0.011,0.019,0.014,
101,2025-08-01T01:30:03Z,Relocate Start,,,,,,,,0.012,0.016,0.015,
102,2025-08-01T01:30:03Z,Relocate Start,,,,,,,,0.01,0.016,0.01,
103,2025-08-01T01:30:03Z,Relocate Start,,,,,,,,0.009,0.014,0.01,
104,2025-08-01T01:30:04Z,Relocate Start,,,,,,,,0.013,0.018,0.011,
105,2025-08-01T01:30:04Z,Relocate Start,,,,,,,,0.008,0.016,0.009,
106,2025-08-01T01:30:05Z,Relocate Start,,,,,,,,0.01,0.016,0.015,
107,2025-08-01T01:30:05Z,Relocate Start,,,,,,,,0.011,0.016,0.009,
108,2025-08-01T01:30:05Z,Relocate Start,,,,,,,,0.009,0.011,0.007,
109,2025-08-01T01:30:06Z,Relocate Start,,,,,,,,0.014,0.014,0.01,
110,2025-08-01T01:30:06Z,Relocate Start,,,,,,,,0.009,0.012,0.014,
111,2025-08-01T01:30:07Z,Relocate Start,,,,,,,,0.009,0.067,0.007,
112,2025-08-01T01:30:07Z,Relocate Start,,,,,,,,0.01,0.068,0.017,
113,2025-08-01T01:30:08Z,Relocate Start,,,,,,,,0.012,0.018,0.012,
114,2025-08-01T01:30:08Z,Relocate Start,,,,,,,,0.006,0.017,0.013,
115,2025-08-01T01:30:09Z,Relocate Start,,,,,,,,0.01,0.015,0.015,
116,2025-08-01T01:30:09Z,Relocate Start,,,,,,,,0.009,0.015,0.014,
117,2025-08-01T01:30:09Z,Relocate Start,,,,,,,,0.007,0.016,0.021,
118,2025-08-01T01:30:10Z,Relocate Start,,,,,,,,0.013,0.018,0.013,
119,2025-08-01T01:30:10Z,Relocate Start,,,,,,,,0.009,0.018,0.01,
120,2025-08-01T01:30:11Z,Relocate Start,,,,,,,,0.013,0.019,0.012,
121,2025-08-01T01:30:11Z,Relocate Start,,,,,,,,0.01,0.02,0.012,
122,2025-08-01T01:30:11Z,Relocate Start,,,,,,,,0.009,0.013,0.01,
123,2025-08-01T01:30:12Z,Relocate Start,,,,,,,,0.009,0.018,0.014,
124,2025-08-01T01:30:12Z,Relocate Start,,,,,,,,0.009,0.019,0.014,
125,2025-08-01T01:30:13Z,Relocate Start,,,,,,,,0.007,0.018,0.006,
126,2025-08-01T01:30:13Z,Relocate Start,,,,,,,,0.009,0.018,0.014,
127,2025-08-01T01:30:14Z,Relocate Start,,,,,,,,0.01,0.024,0.01,
128,2025-08-01T01:30:14Z,Relocate Start,,,,,,,,0.007,0.017,0.014,
129,2025-08-01T01:30:14Z,Relocate Start,,,,,,,,0.007,0.018,0.011,
130,2025-08-01T01:30:15Z,Relocate Start,,,,,,,,0.008,0.023,0.014,
131,2025-08-01T01:30:15Z,Relocate Start,,,,,,,,0.018,0.013,0.012,
132,2025-08-01T01:30:16Z,Relocate Start,,,,,,,,0.009,0.017,0.014,
133,2025-08-01T01:30:16Z,Relocate Start,,,,,,,,0.01,0.018,0.01,
134,2025-08-01T01:30:16Z,Relocate Start,,,,,,,,0.016,0.023,0.006,
135,2025-08-01T01:30:17Z,Relocate Start,,,,,,,,0.018,0.011,0.008,
136,2025-08-01T01:30:17Z,Relocate Start,,,,,,,,0.01,0.022,0.008,
137,2025-08-01T01:30:17Z,Relocate Start,,,,,,,,0.007,0.018,0.013,
138,2025-08-01T01:30:18Z,Relocate Start,,,,,,,,0.029,0.051,0.008,
139,2025-08-01T01:30:18Z,Relocate Start,,,,,,,,0.011,0.019,0.013,
140,2025-08-01T01:30:19Z,Relocate Start,,,,,,,,0.013,0.031,0.015,
141,2025-08-01T01:30:19Z,Relocate Start,,,,,,,,0.013,0.014,0.011,
142,2025-08-01T01:30:20Z,Relocate Start,,,,,,,,0.013,0.026,0.012,
143,2025-08-01T01:30:20Z,Relocate Start,,,,,,,,0.01,0.021,0.009,
144,2025-08-01T01:30:21Z,Relocate Start,,,,,,,,0.009,0.014,0.007,
145,2025-08-01T01:30:21Z,Relocate Start,,,,,,,,0.013,0.015,0.01,
146,2025-08-01T01:30:22Z,Relocate Start,,,,,,,,0.012,0.019,0.022,
147,2025-08-01T01:30:22Z,Relocate Start,,,,,,,,0.014,0.015,0.011,
148,2025-08-01T01:30:22Z,Relocate Start,,,,,,,,0.007,0.015,0.015,
149,2025-08-01T01:30:23Z,Relocate Start,,,,,,,,0.017,0.017,0.008,
150,2025-08-01T01:30:23Z,Relocate Start,,,,,,,,0.012,0.016,0.017,
151,2025-08-01T01:30:24Z,Relocate Start,,,,,,,,0.01,0.018,0.014,
152,2025-08-01T01:30:24Z,Relocate Start,,,,,,,,0.008,0.019,0.013,
153,2025-08-01T01:30:24Z,Relocate Start,,,,,,,,0.015,0.018,0.009,
154,2025-08-01T01:30:25Z,Relocate Start,,,,,,,,0.016,0.013,0.01,
155,2025-08-01T01:30:26Z,Relocate Start,,,,,,,,0.018,0.011,0.008,
156,2025-08-01T01:30:26Z,Relocate Start,,,,,,,,0.012,0.02,0.055,
157,2025-08-01T01:30:26Z,Relocate Start,,,,,,,,0.01,0.011,0.009,
158,2025-08-01T01:30:27Z,Relocate Start,,,,,,,,0.012,0.018,0.011,
159,2025-08-01T01:30:27Z,Relocate Start,,,,,,,,0.013,0.012,0.013,
160,2025-08-01T01:30:28Z,Relocate Start,,,,,,,,0.013,0.021,0.018,
161,2025-08-01T01:30:28Z,Relocate Start,,,,,,,,0.007,0.018,0.012,
162,2025-08-01T01:30:29Z,Relocate Start,,,,,,,,0.007,0.013,0.011,
163,2025-08-01T01:30:29Z,Relocate Start,,,,,,,,0.008,0.017,0.016,
164,2025-08-01T01:30:30Z,Relocate Start,,,,,,,,0.009,0.018,0.013,
165,2025-08-01T01:30:30Z,Relocate Start,,,,,,,,0.009,0.018,0.015,
166,2025-08-01T01:30:31Z,Relocate Start,,,,,,,,0.01,0.021,0.015,
167,2025-08-01T01:30:31Z,Relocate Start,,,,,,,,0.012,0.012,0.011,
168,2025-08-01T01:30:32Z,Relocate Start,,,,,,,,0.011,0.012,0.013,
169,2025-08-01T01:30:32Z,Relocate Start,,,,,,,,0.02,0.017,0.01,
170,2025-08-01T01:30:32Z,Relocate Start,,,,,,,,0.011,0.014,0.022,
171,2025-08-01T01:30:33Z,Relocate Start,,,,,,,,0.014,0.017,0.005,
172,2025-08-01T01:30:33Z,Relocate Start,,,,,,,,0.013,0.016,0.022,
173,2025-08-01T01:30:34Z,Relocate Start,,,,,,,,0.008,0.018,0.011,
174,2025-08-01T01:30:34Z,Relocate Start,,,,,,,,0.023,0.029,0.023,
175,2025-08-01T01:30:34Z,Relocate Start,,,,,,,,0.013,0.016,0.009,
176,2025-08-01T01:30:35Z,Relocate Start,,,,,,,,0.008,0.019,0.011,
177,2025-08-01T01:30:35Z,Relocate Start,,,,,,,,0.018,0.016,0.014,
178,2025-08-01T01:30:36Z,Relocate Start,,,,,,,,0.006,0.016,0.015,
179,2025-08-01T01:30:36Z,Relocate Start,,,,,,,,0.009,0.02,0.014,
180,2025-08-01T01:30:37Z,Relocate Start,,,,,,,,0.01,0.019,0.014,
181,2025-08-01T01:30:37Z,Relocate Start,,,,,,,,0.051,0.019,0.014,
182,2025-08-01T01:30:38Z,Relocate Start,,,,,,,,0.007,0.012,0.011,
183,2025-08-01T01:30:38Z,Relocate Start,,,,,,,,0.012,0.02,0.014,
184,2025-08-01T01:30:38Z,Relocate Start,,,,,,,,0.036,0.016,0.011,
185,2025-08-01T01:30:39Z,Relocate Start,,,,,,,,0.007,0.016,0.006,
186,2025-08-01T01:30:39Z,Relocate Start,,,,,,,,0.01,0.018,0.013,
187,2025-08-01T01:30:39Z,Relocate Start,,,,,,,,0.007,0.018,0.015,
188,2025-08-01T01:30:40Z,Relocate Start,,,,,,,,0.013,0.025,0.011,
189,2025-08-01T01:30:40Z,Relocate Start,,,,,,,,0.007,0.017,0.01,
190,2025-08-01T01:30:41Z,Relocate Start,,,,,,,,0.014,0.022,0.014,
191,2025-08-01T01:30:41Z,Relocate Start,,,,,,,,0.009,0.015,0.018,
192,2025-08-01T01:30:42Z,Relocate Start,,,,,,,,0.013,0.02,0.01,
193,2025-08-01T01:30:42Z,Relocate Start,,,,,,,,0.007,0.019,0.014,
194,2025-08-01T01:30:42Z,Relocate Start,,,,,,,,0.017,0.02,0.018,
195,2025-08-01T01:30:43Z,Relocate Start,,,,,,,,0.006,0.013,0.012,
196,2025-08-01T01:30:43Z,Relocate Start,,,,,,,,0.007,0.013,0.013,
197,2025-08-01T01:30:44Z,Relocate Start,,,,,,,,0.018,0.019,0.013,
198,2025-08-01T01:30:44Z,Relocate Start,,,,,,,,0.009,0.014,0.016,
199,2025-08-01T01:30:45Z,Relocate Start,,,,,,,,0.016,0.018,0.017,
200,2025-08-01T01:30:45Z,Relocate Start,,,,,,,,0.007,0.019,0.01,
201,2025-08-01T01:30:45Z,Relocate Start,,,,,,,,0.015,0.015,0.01,
202,2025-08-01T01:30:46Z,Relocate Start,,,,,,,,0.013,0.019,0.009,
203,2025-08-01T01:30:46Z,Relocate Start,,,,,,,,0.01,0.015,0.006,
204,2025-08-01T01:30:46Z,Relocate Start,,,,,,,,0.013,0.021,0.012,
205,2025-08-01T01:30:47Z,Relocate Start,,,,,,,,0.007,0.019,0.036,
206,2025-08-01T01:30:47Z,Relocate Start,,,,,,,,0.03,0.021,0.01,
207,2025-08-01T01:30:48Z,Relocate Start,,,,,,,,0.01,0.019,0.01,
208,2025-08-01T01:30:48Z,Relocate Start,,,,,,,,0.016,0.017,0.005,
209,2025-08-01T01:30:48Z,Relocate Start,,,,,,,,0.069,0.022,0.012,
210,2025-08-01T01:30:49Z,Relocate Start,,,,,,,,0.054,0.017,0.016,
211,2025-08-01T01:30:49Z,Relocate Start,,,,,,,,0.015,0.017,0.015,
212,2025-08-01T01:30:50Z,Relocate Start,,,,,,,,0.011,0.018,0.008,
213,2025-08-01T01:30:50Z,Relocate Start,,,,,,,,0.011,0.116,0.016,
214,2025-08-01T01:30:51Z,Relocate Start,,,,,,,,0.008,0.014,0.009,
215,2025-08-01T01:30:51Z,Relocate Start,,,,,,,,0.008,0.018,0.009,
216,2025-08-01T01:30:52Z,Relocate Start,,,,,,,,0.015,0.063,0.012,
217,2025-08-01T01:30:52Z,Relocate Start,,,,,,,,0.012,0.018,0.017,
218,2025-08-01T01:30:53Z,Relocate Start,,,,,,,,0.017,0.02,0.022,
219,2025-08-01T01:30:53Z,Relocate Start,,,,,,,,0.012,0.02,0.027,
220,2025-08-01T01:30:54Z,Relocate Start,,,,,,,,0.018,0.018,0.01,
221,2025-08-01T01:30:54Z,Relocate Start,,,,,,,,0.007,0.015,0.012,
222,2025-08-01T01:30:54Z,Relocate Start,,,,,,,,0.009,0.016,0.01,
223,2025-08-01T01:30:55Z,Relocate Start,,,,,,,,0.012,0.021,0.013,
224,2025-08-01T01:30:55Z,Relocate Start,,,,,,,,0.009,0.026,0.01,
225,2025-08-01T01:30:56Z,Relocate Start,,,,,,,,0.006,0.019,0.011,
226,2025-08-01T01:30:56Z,Relocate Start,,,,,,,,0.012,0.013,0.012,
227,2025-08-01T01:30:57Z,Relocate Start,,,,,,,,0.009,0.017,0.008,
228,2025-08-01T01:30:57Z,Relocate Start,,,,,,,,0.009,0.015,0.009,
229,2025-08-01T01:30:58Z,Relocate Start,,,,,,,,0.01,0.023,0.014,
230,2025-08-01T01:30:58Z,Relocate Start,,,,,,,,0.014,0.022,0.013,
231,2025-08-01T01:30:58Z,Relocate Start,,,,,,,,0.012,0.019,0.011,
232,2025-08-01T01:30:59Z,Relocate Start,,,,,,,,0.01,0.02,0.012,
233,2025-08-01T01:30:59Z,Relocate Start,,,,,,,,0.02,0.014,0.013,
234,2025-08-01T01:31:00Z,Relocate Start,,,,,,,,0.011,0.016,0.012,
235,2025-08-01T01:31:00Z,Relocate Start,,,,,,,,0.012,0.021,0.016,
236,2025-08-01T01:31:01Z,Relocate Start,,,,,,,,0.012,0.011,0.013,
237,2025-08-01T01:31:01Z,Relocate Start,,,,,,,,0.015,0.019,0.016,
238,2025-08-01T01:31:02Z,Relocate Start,,,,,,,,0.007,0.013,0.015,
239,2025-08-01T01:31:02Z,Relocate Start,,,,,,,,0.008,0.058,0.014,
240,2025-08-01T01:31:02Z,Relocate Start,,,,,,,,0.013,0.021,0.015,
241,2025-08-01T01:31:03Z,Relocate Start,,,,,,,,0.007,0.022,0.014,
242,2025-08-01T01:31:03Z,Relocate Start,,,,,,,,0.009,0.02,0.013,
243,2025-08-01T01:31:04Z,Relocate Start,,,,,,,,0.006,0.026,0.01,
244,2025-08-01T01:31:04Z,Relocate Start,,,,,,,,0.024,0.018,0.015,
245,2025-08-01T01:31:05Z,Relocate Start,,,,,,,,0.01,0.015,0.011,
246,2025-08-01T01:31:05Z,Relocate Start,,,,,,,,0.01,0.017,0.03,
247,2025-08-01T01:31:06Z,Relocate Start,,,,,,,,0.008,0.018,0.014,
248,2025-08-01T01:31:06Z,Relocate Start,,,,,,,,0.014,0.014,0.014,
249,2025-08-01T01:31:07Z,Relocate Start,,,,,,,,0.012,0.021,0.011,
250,2025-08-01T01:31:07Z,Relocate Start,,,,,,,,0.072,0.015,0.009,
251,2025-08-01T01:31:08Z,Relocate Start,,,,,,,,0.016,0.024,0.01,
252,2025-08-01T01:31:08Z,Relocate Start,,,,,,,,0.008,0.014,0.011,
253,2025-08-01T01:31:09Z,Relocate Start,,,,,,,,0.013,0.014,0.013,
254,2025-08-01T01:31:09Z,Relocate Start,,,,,,,,0.012,0.019,0.009,
255,2025-08-01T01:31:10Z,Relocate Start,,,,,,,,0.009,0.021,0.017,
256,2025-08-01T01:31:10Z,Relocate Start,,,,,,,,0.014,0.02,0.018,
257,2025-08-01T01:31:11Z,Relocate Start,,,,,,,,0.008,0.018,0.014,
258,2025-08-01T01:31:11Z,Relocate Start,,,,,,,,0.016,0.03,0.013,
259,2025-08-01T01:31:12Z,Relocate Start,,,,,,,,0.048,0.021,0.015,
260,2025-08-01T01:31:12Z,Relocate Start,,,,,,,,0.009,0.018,0.01,
261,2025-08-01T01:31:13Z,Relocate Start,,,,,,,,0.013,0.033,0.014,
262,2025-08-01T01:31:13Z,Relocate Start,,,,,,,,0.009,0.014,0.011,
263,2025-08-01T01:31:14Z,Relocate Start,,,,,,,,0.01,0.016,0.01,
264,2025-08-01T01:31:14Z,Relocate Start,,,,,,,,0.01,0.018,0.014,
265,2025-08-01T01:31:14Z,Relocate Start,,,,,,,,0.01,0.019,0.014,
266,2025-08-01T01:31:15Z,Relocate Start,,,,,,,,0.013,0.018,0.014,
267,2025-08-01T01:31:15Z,Relocate Start,,,,,,,,0.012,0.016,0.024,
268,2025-08-01T01:31:16Z,Relocate Start,,,,,,,,0.009,0.02,0.024,
269,2025-08-01T01:31:16Z,Relocate Start,,,,,,,,0.007,0.016,0.01,
270,2025-08-01T01:31:17Z,Relocate Start,,,,,,,,0.011,0.02,0.012,
271,2025-08-01T01:31:17Z,Relocate Start,,,,,,,,0.012,0.019,0.012,
272,2025-08-01T01:31:17Z,Relocate Start,,,,,,,,0.009,0.018,0.014,
273,2025-08-01T01:31:18Z,Relocate Start,,,,,,,,0.011,0.02,0.015,
274,2025-08-01T01:31:18Z,Relocate Start,,,,,,,,0.012,0.018,0.013,
275,2025-08-01T01:31:18Z,Relocate Start,,,,,,,,0.01,0.018,0.01,
276,2025-08-01T01:31:19Z,Relocate Start,,,,,,,,0.012,0.011,0.014,
277,2025-08-01T01:31:19Z,Relocate Start,,,,,,,,0.013,0.015,0.063,
278,2025-08-01T01:31:20Z,Relocate Start,,,,,,,,0.009,0.016,0.011,
279,2025-08-01T01:31:20Z,Relocate Start,,,,,,,,0.014,0.013,0.009,
280,2025-08-01T01:31:21Z,Relocate Start,,,,,,,,0.007,0.013,0.011,
281,2025-08-01T01:31:21Z,Relocate Start,,,,,,,,0.013,0.013,0.014,
282,2025-08-01T01:31:21Z,Relocate Start,,,,,,,,0.013,0.032,0.016,
283,2025-08-01T01:31:22Z,Relocate Start,,,,,,,,0.006,0.017,0.012,
284,2025-08-01T01:31:22Z,Relocate Start,,,,,,,,0.011,0.023,0.014,
285,2025-08-01T01:31:23Z,Relocate Start,,,,,,,,0.009,0.013,0.005,
286,2025-08-01T01:31:23Z,Relocate Start,,,,,,,,0.008,0.013,0.014,
287,2025-08-01T01:31:24Z,Relocate Start,,,,,,,,0.015,0.018,0.012,
288,2025-08-01T01:31:24Z,Relocate Start,,,,,,,,0.009,0.019,0.015,
289,2025-08-01T01:31:25Z,Relocate Start,,,,,,,,0.013,0.019,0.01,
290,2025-08-01T01:31:25Z,Relocate Start,,,,,,,,0.008,0.019,0.01,
291,2025-08-01T01:31:26Z,Relocate Start,,,,,,,,0.016,0.013,0.126,
292,2025-08-01T01:31:26Z,Relocate Start,,,,,,,,0.01,0.02,0.009,
293,2025-08-01T01:31:27Z,Relocate Start,,,,,,,,0.01,0.026,0.015,
294,2025-08-01T01:31:27Z,Relocate Start,,,,,,,,0.016,0.016,0.012,
295,2025-08-01T01:31:28Z,Relocate Start,,,,,,,,0.008,0.023,0.014,
296,2025-08-01T01:31:28Z,Relocate Start,,,,,,,,0.007,0.02,0.013,
297,2025-08-01T01:31:29Z,Relocate Start,,,,,,,,0.011,0.017,0.016,
298,2025-08-01T01:31:29Z,Relocate Start,,,,,,,,0.008,0.025,0.02,
299,2025-08-01T01:31:30Z,Relocate Start,,,,,,,,0.006,0.016,0.009,
300,2025-08-01T01:31:30Z,Relocate Start,,,,,,,,0.01,0.02,0.01,
301,2025-08-01T01:31:30Z,Relocate Start,,,,,,,,0.009,0.018,0.014,
302,2025-08-01T01:31:31Z,Relocate Start,,,,,,,,0.008,0.027,0.013,
303,2025-08-01T01:31:31Z,Relocate Start,,,,,,,,0.015,0.021,0.016,
304,2025-08-01T01:31:32Z,Relocate Start,,,,,,,,0.008,0.014,0.009,
305,2025-08-01T01:31:32Z,Relocate Start,,,,,,,,0.018,0.02,0.015,
306,2025-08-01T01:31:33Z,Relocate Start,,,,,,,,0.007,0.017,0.011,
307,2025-08-01T01:31:33Z,Relocate Start,,,,,,,,0.011,0.014,0.012,
308,2025-08-01T01:31:34Z,Relocate Start,,,,,,,,0.011,0.021,0.014,
309,2025-08-01T01:31:34Z,Relocate Start,,,,,,,,0.007,0.035,0.01,
310,2025-08-01T01:31:35Z,Relocate Start,,,,,,,,0.011,0.02,0.014,
311,2025-08-01T01:31:35Z,Relocate Start,,,,,,,,0.007,0.023,0.013,
312,2025-08-01T01:31:36Z,Relocate Start,,,,,,,,0.013,0.015,0.017,
313,2025-08-01T01:31:36Z,Relocate Start,,,,,,,,0.016,0.017,0.013,
314,2025-08-01T01:31:36Z,Relocate Start,,,,,,,,0.008,0.032,0.012,
315,2025-08-01T01:31:37Z,Relocate Start,,,,,,,,0.006,0.019,0.013,
316,2025-08-01T01:31:38Z,Relocate Start,,,,,,,,0.065,0.021,0.012,
317,2025-08-01T01:31:38Z,Relocate Start,,,,,,,,0.008,0.017,0.013,
318,2025-08-01T01:31:38Z,Relocate Start,,,,,,,,0.011,0.013,0.008,
319,2025-08-01T01:31:39Z,Relocate Start,,,,,,,,0.015,0.015,0.015,
320,2025-08-01T01:31:39Z,Relocate Start,,,,,,,,0.013,0.015,0.014,
321,2025-08-01T01:31:40Z,Relocate Start,,,,,,,,0.011,0.018,0.014,
322,2025-08-01T01:31:40Z,Relocate Start,,,,,,,,0.009,0.021,0.008,
323,2025-08-01T01:31:41Z,Relocate Start,,,,,,,,0.01,0.016,0.009,
324,2025-08-01T01:31:41Z,Relocate Start,,,,,,,,0.014,0.029,0.022,
325,2025-08-01T01:31:42Z,Relocate Start,,,,,,,,0.008,0.016,0.011,
326,2025-08-01T01:31:43Z,Relocate Start,,,,,,,,0.012,0.019,0.009,
327,2025-08-01T01:31:43Z,Relocate Start,,,,,,,,0.018,0.015,0.013,
328,2025-08-01T01:31:44Z,Relocate Start,,,,,,,,0.013,0.018,0.013,
329,2025-08-01T01:31:44Z,Relocate Start,,,,,,,,0.073,0.013,0.014,
330,2025-08-01T01:31:45Z,Relocate Start,,,,,,,,0.01,0.021,0.04,
331,2025-08-01T01:31:45Z,Relocate Start,,,,,,,,0.009,0.012,0.009,
332,2025-08-01T01:31:45Z,Relocate Start,,,,,,,,0.009,0.018,0.01,
333,2025-08-01T01:31:46Z,Relocate Start,,,,,,,,0.014,0.014,0.012,
334,2025-08-01T01:31:46Z,Relocate Start,,,,,,,,0.008,0.014,0.013,
335,2025-08-01T01:31:47Z,Relocate Start,,,,,,,,0.011,0.02,0.015,
336,2025-08-01T01:31:47Z,Relocate Start,,,,,,,,0.01,0.02,0.01,
337,2025-08-01T01:31:48Z,Relocate Start,,,,,,,,0.013,0.017,0.012,
338,2025-08-01T01:31:48Z,Relocate Start,,,,,,,,0.009,0.015,0.014,
339,2025-08-01T01:31:49Z,Relocate Start,,,,,,,,0.013,0.022,0.012,
340,2025-08-01T01:31:49Z,Relocate Start,,,,,,,,0.01,0.016,0.013,
341,2025-08-01T01:31:50Z,Relocate Start,,,,,,,,0.011,0.028,0.013,
342,2025-08-01T01:31:50Z,Relocate Start,,,,,,,,0.015,0.017,0.052,
343,2025-08-01T01:31:51Z,Relocate Start,,,,,,,,0.046,0.014,0.014,
344,2025-08-01T01:31:51Z,Relocate Start,,,,,,,,0.008,0.014,0.01,
345,2025-08-01T01:31:51Z,Relocate Start,,,,,,,,0.014,0.019,0.011,
346,2025-08-01T01:31:52Z,Relocate Start,,,,,,,,0.012,0.015,0.014,
347,2025-08-01T01:31:52Z,Relocate Start,,,,,,,,0.007,0.014,0.013,
348,2025-08-01T01:31:53Z,Relocate Start,,,,,,,,0.011,0.02,0.012,
349,2025-08-01T01:31:53Z,Relocate Start,,,,,,,,0.011,0.016,0.005,
350,2025-08-01T01:31:54Z,Relocate Start,,,,,,,,0.013,0.012,0.011,
351,2025-08-01T01:31:54Z,Relocate Start,,,,,,,,0.023,0.02,0.011,
352,2025-08-01T01:31:55Z,Relocate Start,,,,,,,,0.014,0.019,0.01,
353,2025-08-01T01:31:55Z,Relocate Start,,,,,,,,0.009,0.02,0.012,
354,2025-08-01T01:31:56Z,Relocate Start,,,,,,,,0.013,0.018,0.011,
355,2025-08-01T01:31:56Z,Relocate Start,,,,,,,,0.014,0.017,0.009,
356,2025-08-01T01:31:57Z,Relocate Start,,,,,,,,0.011,0.013,0.007,
357,2025-08-01T01:31:57Z,Relocate Start,,,,,,,,0.01,0.016,0.011,
358,2025-08-01T01:31:58Z,Relocate Start,,,,,,,,0.008,0.014,0.008,
359,2025-08-01T01:31:59Z,Relocate Start,,,,,,,,0.009,0.012,0.011,
360,2025-08-01T01:31:59Z,Relocate Start,,,,,,,,0.007,0.013,0.01,
361,2025-08-01T01:32:00Z,Relocate Start,,,,,,,,0.013,0.019,0.019,
362,2025-08-01T01:32:00Z,Relocate Start,,,,,,,,0.113,0.019,0.012,
363,2025-08-01T01:32:01Z,Relocate Start,,,,,,,,0.013,0.018,0.018,
364,2025-08-01T01:32:01Z,Relocate Start,,,,,,,,0.007,0.014,0.021,
365,2025-08-01T01:32:02Z,Relocate Start,,,,,,,,0.008,0.022,0.011,
366,2025-08-01T01:32:02Z,Relocate Start,,,,,,,,0.009,0.013,0.014,
367,2025-08-01T01:32:03Z,Relocate Start,,,,,,,,0.01,0.02,0.011,
368,2025-08-01T01:32:03Z,Relocate Start,,,,,,,,0.007,0.015,0.01,
369,2025-08-01T01:32:04Z,Relocate Start,,,,,,,,0.01,0.015,0.013,
370,2025-08-01T01:32:05Z,Relocate Start,,,,,,,,0.007,0.019,0.017,
371,2025-08-01T01:32:05Z,Relocate Start,,,,,,,,0.01,0.016,0.014,
372,2025-08-01T01:32:06Z,Relocate Start,,,,,,,,0.014,0.015,0.014,
373,2025-08-01T01:32:06Z,Relocate Start,,,,,,,,0.007,0.02,0.021,
374,2025-08-01T01:32:07Z,Relocate Start,,,,,,,,0.007,0.022,0.017,
375,2025-08-01T01:32:07Z,Relocate Start,,,,,,,,0.009,0.023,0.019,
376,2025-08-01T01:32:08Z,Relocate Start,,,,,,,,0.01,0.02,0.014,
377,2025-08-01T01:32:08Z,Relocate Start,,,,,,,,0.017,0.031,0.01,
378,2025-08-01T01:32:09Z,Relocate Start,,,,,,,,0.014,0.022,0.015,
379,2025-08-01T01:32:09Z,Relocate Start,,,,,,,,0.012,0.017,0.012,
380,2025-08-01T01:32:10Z,Relocate Start,,,,,,,,0.016,0.022,0.029,
381,2025-08-01T01:32:10Z,Relocate Start,,,,,,,,0.01,0.021,0.014,
382,2025-08-01T01:32:11Z,Relocate Start,,,,,,,,0.016,0.013,0.014,
383,2025-08-01T01:32:11Z,Relocate Start,,,,,,,,0.009,0.016,0.023,
384,2025-08-01T01:32:12Z,Relocate Start,,,,,,,,0.009,0.013,0.009,
385,2025-08-01T01:32:12Z,Relocate Start,,,,,,,,0.017,0.024,0.014,
386,2025-08-01T01:32:13Z,Relocate Start,,,,,,,,0.022,0.015,0.015,
387,2025-08-01T01:32:13Z,Relocate Start,,,,,,,,0.009,0.021,0.012,
388,2025-08-01T01:32:13Z,Relocate Start,,,,,,,,0.013,0.014,0.012,
389,2025-08-01T01:32:14Z,Relocate Start,,,,,,,,0.007,0.014,0.01,
390,2025-08-01T01:32:14Z,Relocate Start,,,,,,,,0.016,0.019,0.023,
391,2025-08-01T01:32:15Z,Relocate Start,,,,,,,,0.01,0.023,0.012,
392,2025-08-01T01:32:15Z,Relocate Start,,,,,,,,0.024,0.025,0.013,
393,2025-08-01T01:32:15Z,Relocate Start,,,,,,,,0.007,0.018,0.013,
394,2025-08-01T01:32:16Z,Relocate Start,,,,,,,,0.02,0.019,0.025,
395,2025-08-01T01:32:16Z,Relocate Start,,,,,,,,0.008,0.018,0.014,
396,2025-08-01T01:32:17Z,Relocate Start,,,,,,,,0.014,0.018,0.01,
397,2025-08-01T01:32:17Z,Relocate Start,,,,,,,,0.01,0.017,0.011,
398,2025-08-01T01:32:18Z,Relocate Start,,,,,,,,0.013,0.018,0.02,
399,2025-08-01T01:32:18Z,Relocate Start,,,,,,,,0.01,0.013,0.008,
400,2025-08-01T01:32:19Z,Relocate Start,,,,,,,,0.013,0.017,0.011,
401,2025-08-01T01:32:19Z,Relocate Start,,,,,,,,0.013,0.018,0.015,
402,2025-08-01T01:32:19Z,Relocate Start,,,,,,,,0.01,0.019,0.014,
403,2025-08-01T01:32:20Z,Relocate Start,,,,,,,,0.011,0.013,0.011,
404,2025-08-01T01:32:20Z,Relocate Start,,,,,,,,0.01,0.014,0.01,
405,2025-08-01T01:32:21Z,Relocate Start,,,,,,,,0.008,0.016,0.013,
406,2025-08-01T01:32:21Z,Relocate Start,,,,,,,,0.01,0.015,0.011,
407,2025-08-01T01:32:22Z,Relocate Start,,,,,,,,0.006,0.019,0.015,
408,2025-08-01T01:32:22Z,Relocate Start,,,,,,,,0.009,0.021,0.013,
409,2025-08-01T01:32:23Z,Relocate Start,,,,,,,,0.01,0.015,0.01,
410,2025-08-01T01:32:23Z,Relocate Start,,,,,,,,0.008,0.027,0.008,
411,2025-08-01T01:32:24Z,Relocate Start,,,,,,,,0.099,0.012,0.01,
412,2025-08-01T01:32:24Z,Relocate Start,,,,,,,,0.008,0.017,0.011,
413,2025-08-01T01:32:25Z,Relocate Start,,,,,,,,0.01,0.02,0.012,
414,2025-08-01T01:32:25Z,Relocate Start,,,,,,,,0.01,0.017,0.008,
415,2025-08-01T01:32:26Z,Relocate Start,,,,,,,,0.012,0.029,0.028,
416,2025-08-01T01:32:26Z,Relocate Start,,,,,,,,0.013,0.027,0.013,
417,2025-08-01T01:32:27Z,Relocate Start,,,,,,,,0.013,0.014,0.01,
418,2025-08-01T01:32:27Z,Relocate Start,,,,,,,,0.014,0.015,0.022,
419,2025-08-01T01:32:28Z,Relocate Start,,,,,,,,0.012,0.019,0.013,
420,2025-08-01T01:32:28Z,Relocate Start,,,,,,,,0.01,0.018,0.009,
421,2025-08-01T01:32:29Z,Relocate Start,,,,,,,,0.008,0.04,0.009,
422,2025-08-01T01:32:29Z,Relocate Start,,,,,,,,0.016,0.029,0.011,
423,2025-08-01T01:32:30Z,Relocate Start,,,,,,,,0.009,0.032,0.011,
424,2025-08-01T01:32:30Z,Relocate Start,,,,,,,,0.018,0.018,0.011,
425,2025-08-01T01:32:31Z,Relocate Start,,,,,,,,0.01,0.017,0.011,
426,2025-08-01T01:32:31Z,Relocate Start,,,,,,,,0.018,0.014,0.009,
427,2025-08-01T01:32:32Z,Relocate Start,,,,,,,,0.013,0.017,0.022,
428,2025-08-01T01:32:32Z,Relocate Start,,,,,,,,0.009,0.026,0.013,
429,2025-08-01T01:32:32Z,Relocate Start,,,,,,,,0.012,0.014,0.007,
430,2025-08-01T01:32:33Z,Relocate Start,,,,,,,,0.018,0.027,0.014,
431,2025-08-01T01:32:33Z,Relocate Start,,,,,,,,0.015,0.017,0.012,
432,2025-08-01T01:32:34Z,Relocate Start,,,,,,,,0.016,0.019,0.009,
433,2025-08-01T01:32:34Z,Relocate Start,,,,,,,,0.013,0.02,0.024,
434,2025-08-01T01:32:34Z,Relocate Start,,,,,,,,0.015,0.064,0.012,
435,2025-08-01T01:32:35Z,Relocate Start,,,,,,,,0.01,0.014,0.01,
436,2025-08-01T01:32:35Z,Relocate Start,,,,,,,,0.014,0.019,0.009,
437,2025-08-01T01:32:36Z,Relocate Start,,,,,,,,0.01,0.018,0.014,
438,2025-08-01T01:32:36Z,Relocate Start,,,,,,,,0.008,0.014,0.013,
439,2025-08-01T01:32:36Z,Relocate Start,,,,,,,,0.009,0.025,0.011,
440,2025-08-01T01:32:37Z,Relocate Start,,,,,,,,0.014,0.026,0.028,
441,2025-08-01T01:32:37Z,Relocate Start,,,,,,,,0.01,0.021,0.012,
442,2025-08-01T01:32:38Z,Relocate Start,,,,,,,,0.011,0.018,0.012,
443,2025-08-01T01:32:38Z,Relocate Start,,,,,,,,0.015,0.027,0.014,
444,2025-08-01T01:32:39Z,Relocate Start,,,,,,,,0.076,0.015,0.017,
445,2025-08-01T01:32:39Z,Relocate Start,,,,,,,,0.022,0.016,0.009,
446,2025-08-01T01:32:40Z,Relocate Start,,,,,,,,0.007,0.02,0.015,
447,2025-08-01T01:32:40Z,Relocate Start,,,,,,,,0.009,0.013,0.015,
448,2025-08-01T01:32:41Z,Relocate Start,,,,,,,,0.016,0.02,0.019,
449,2025-08-01T01:32:41Z,Relocate Start,,,,,,,,0.016,0.014,0.011,
450,2025-08-01T01:32:42Z,Relocate Start,,,,,,,,0.017,0.016,0.009,
451,2025-08-01T01:32:42Z,Relocate Start,,,,,,,,0.012,0.015,0.013,
452,2025-08-01T01:32:42Z,Relocate Start,,,,,,,,0.01,0.019,0.016,
453,2025-08-01T01:32:43Z,Relocate Start,,,,,,,,0.019,0.016,0.012,
454,2025-08-01T01:32:43Z,Relocate Start,,,,,,,,0.01,0.02,0.013,
455,2025-08-01T01:32:44Z,Relocate Start,,,,,,,,0.01,0.016,0.013,
456,2025-08-01T01:32:44Z,Relocate Start,,,,,,,,0.009,0.011,0.008,
457,2025-08-01T01:32:45Z,Relocate Start,,,,,,,,0.011,0.018,0.008,
458,2025-08-01T01:32:45Z,Relocate Start,,,,,,,,0.011,0.02,0.006,
459,2025-08-01T01:32:46Z,Relocate Start,,,,,,,,0.01,0.017,0.012,
460,2025-08-01T01:32:46Z,Relocate Start,,,,,,,,0.007,0.015,0.017,
461,2025-08-01T01:32:46Z,Relocate Start,,,,,,,,0.013,0.076,0.011,
462,2025-08-01T01:32:47Z,Relocate Start,,,,,,,,0.014,0.026,0.012,
463,2025-08-01T01:32:48Z,Relocate Start,,,,,,,,0.01,0.02,0.013,
464,2025-08-01T01:32:48Z,Relocate Start,,,,,,,,0.012,0.041,0.026,
465,2025-08-01T01:32:48Z,Relocate Start,,,,,,,,0.008,0.021,0.016,
466,2025-08-01T01:32:49Z,Relocate Start,,,,,,,,0.01,0.02,0.014,
467,2025-08-01T01:32:49Z,Relocate Start,,,,,,,,0.008,0.023,0.015,
468,2025-08-01T01:32:50Z,Relocate Start,,,,,,,,0.013,0.026,0.018,
469,2025-08-01T01:32:50Z,Relocate Start,,,,,,,,0.01,0.02,0.016,
470,2025-08-01T01:32:50Z,Relocate Start,,,,,,,,0.014,0.017,0.006,
471,2025-08-01T01:32:51Z,Relocate Start,,,,,,,,0.011,0.032,0.023,
472,2025-08-01T01:32:52Z,Relocate Start,,,,,,,,0.016,0.017,0.015,
473,2025-08-01T01:32:52Z,Relocate Start,,,,,,,,0.018,0.031,0.02,
474,2025-08-01T01:32:53Z,Relocate Start,,,,,,,,0.017,0.017,0.019,
475,2025-08-01T01:32:53Z,Relocate Start,,,,,,,,0.013,0.018,0.035,
476,2025-08-01T01:32:54Z,Relocate Start,,,,,,,,0.014,0.019,0.015,
477,2025-08-01T01:32:54Z,Relocate Start,,,,,,,,0.017,0.013,0.013,
478,2025-08-01T01:32:55Z,Relocate Start,,,,,,,,0.007,0.013,0.013,
479,2025-08-01T01:32:55Z,Relocate Start,,,,,,,,0.01,0.056,0.015,
480,2025-08-01T01:32:55Z,Relocate Start,,,,,,,,0.008,0.019,0.011,
481,2025-08-01T01:32:56Z,Relocate Start,,,,,,,,0.01,0.028,0.018,
482,2025-08-01T01:32:56Z,Relocate Start,,,,,,,,0.01,0.027,0.012,
483,2025-08-01T01:32:56Z,Relocate Start,,,,,,,,0.009,0.018,0.009,
484,2025-08-01T01:32:57Z,Relocate Start,,,,,,,,0.01,0.014,0.011,
485,2025-08-01T01:32:57Z,Relocate Start,,,,,,,,0.018,0.012,0.012,
486,2025-08-01T01:32:58Z,Relocate Start,,,,,,,,0.009,0.017,0.011,
487,2025-08-01T01:32:58Z,Relocate Start,,,,,,,,0.006,0.018,0.007,
488,2025-08-01T01:32:59Z,Relocate Start,,,,,,,,0.012,0.065,0.013,
489,2025-08-01T01:32:59Z,Relocate Start,,,,,,,,0.009,0.063,0.011,
490,2025-08-01T01:33:00Z,Relocate Start,,,,,,,,0.034,0.043,0.017,
491,2025-08-01T01:33:00Z,Relocate Start,,,,,,,,0.018,0.018,0.023,
492,2025-08-01T01:33:00Z,Relocate Start,,,,,,,,0.011,0.017,0.013,
493,2025-08-01T01:33:01Z,Relocate Start,,,,,,,,0.01,0.011,0.009,
494,2025-08-01T01:33:01Z,Relocate Start,,,,,,,,0.01,0.017,0.013,
495,2025-08-01T01:33:02Z,Relocate Start,,,,,,,,0.01,0.02,0.009,
496,2025-08-01T01:33:02Z,Relocate Start,,,,,,,,0.012,0.011,0.013,
497,2025-08-01T01:33:02Z,Relocate Start,,,,,,,,0.021,0.014,0.012,
498,2025-08-01T01:33:03Z,Relocate Start,,,,,,,,0.01,0.018,0.014,
499,2025-08-01T01:33:03Z,Relocate Start,,,,,,,,0.006,0.022,0.013,
500,2025-08-01T01:33:04Z,Relocate Start,,,,,,,,0.011,0.018,0.012,
501,2025-08-01T01:33:04Z,Relocate Start,,,,,,,,0.008,0.019,0.011,
502,2025-08-01T01:33:05Z,Relocate Start,,,,,,,,0.01,0.02,0.01,
503,2025-08-01T01:33:05Z,Relocate Start,,,,,,,,0.011,0.015,0.013,
504,2025-08-01T01:33:06Z,Relocate Start,,,,,,,,0.017,0.021,0.013,
505,2025-08-01T01:33:06Z,Relocate Start,,,,,,,,0.008,0.019,0.02,
506,2025-08-01T01:33:07Z,Relocate Start,,,,,,,,0.018,0.015,0.014,
507,2025-08-01T01:33:07Z,Relocate Start,,,,,,,,0.011,0.017,0.012,
508,2025-08-01T01:33:07Z,Relocate Start,,,,,,,,0.008,0.017,0.027,
509,2025-08-01T01:33:08Z,Relocate Start,,,,,,,,0.01,0.027,0.009,
510,2025-08-01T01:33:08Z,Relocate Start,,,,,,,,0.007,0.015,0.007,
511,2025-08-01T01:33:09Z,Relocate Start,,,,,,,,0.008,0.032,0.012,
512,2025-08-01T01:33:10Z,Relocate Start,,,,,,,,0.015,0.014,0.01,
513,2025-08-01T01:33:10Z,Relocate Start,,,,,,,,0.01,0.015,0.013,
514,2025-08-01T01:33:10Z,Relocate Start,,,,,,,,0.009,0.016,0.011,
515,2025-08-01T01:33:11Z,Relocate Start,,,,,,,,0.01,0.018,0.014,
516,2025-08-01T01:33:11Z,Relocate Start,,,,,,,,0.01,0.018,0.012,
517,2025-08-01T01:33:12Z,Relocate Start,,,,,,,,0.009,0.016,0.011,
518,2025-08-01T01:33:12Z,Relocate Start,,,,,,,,0.01,0.021,0.014,
519,2025-08-01T01:33:12Z,Relocate Start,,,,,,,,0.01,0.015,0.015,
520,2025-08-01T01:33:13Z,Relocate Start,,,,,,,,0.012,0.016,0.012,
521,2025-08-01T01:33:13Z,Relocate Start,,,,,,,,0.015,0.011,0.008,
522,2025-08-01T01:33:14Z,Relocate Start,,,,,,,,0.018,0.019,0.014,
523,2025-08-01T01:33:14Z,Relocate Start,,,,,,,,0.009,0.019,0.014,
524,2025-08-01T01:33:15Z,Relocate Start,,,,,,,,0.01,0.014,0.014,
525,2025-08-01T01:33:15Z,Relocate Start,,,,,,,,0.007,0.018,0.007,
526,2025-08-01T01:33:15Z,Relocate Start,,,,,,,,0.011,0.019,0.008,
527,2025-08-01T01:33:16Z,Relocate Start,,,,,,,,0.012,0.018,0.013,
528,2025-08-01T01:33:16Z,Relocate Start,,,,,,,,0.015,0.021,0.013,
529,2025-08-01T01:33:16Z,Relocate Start,,,,,,,,0.007,0.016,0.015,
530,2025-08-01T01:33:17Z,Relocate Start,,,,,,,,0.013,0.025,0.015,
531,2025-08-01T01:33:17Z,Relocate Start,,,,,,,,0.011,0.011,0.019,
532,2025-08-01T01:33:18Z,Relocate Start,,,,,,,,0.009,0.016,0.01,
533,2025-08-01T01:33:18Z,Relocate Start,,,,,,,,0.016,0.015,0.11,
534,2025-08-01T01:33:19Z,Relocate Start,,,,,,,,0.009,0.017,0.014,
535,2025-08-01T01:33:19Z,Relocate Start,,,,,,,,0.009,0.011,0.014,
536,2025-08-01T01:33:20Z,Relocate Start,,,,,,,,0.007,0.015,0.014,
537,2025-08-01T01:33:20Z,Relocate Start,,,,,,,,0.005,0.023,0.014,
538,2025-08-01T01:33:21Z,Relocate Start,,,,,,,,0.012,0.018,0.012,
539,2025-08-01T01:33:21Z,Relocate Start,,,,,,,,0.009,0.013,0.012,
540,2025-08-01T01:33:21Z,Relocate Start,,,,,,,,0.008,0.014,0.012,
541,2025-08-01T01:33:22Z,Relocate Start,,,,,,,,0.014,0.015,0.012,
542,2025-08-01T01:33:22Z,Relocate Start,,,,,,,,0.012,0.016,0.007,
543,2025-08-01T01:33:23Z,Relocate Start,,,,,,,,0.014,0.02,0.011,
544,2025-08-01T01:33:23Z,Relocate Start,,,,,,,,0.009,0.013,0.014,
545,2025-08-01T01:33:23Z,Relocate Start,,,,,,,,0.01,0.014,0.005,
546,2025-08-01T01:33:24Z,Relocate Start,,,,,,,,0.009,0.019,0.011,
547,2025-08-01T01:33:24Z,Relocate Start,,,,,,,,0.016,0.016,0.01,
548,2025-08-01T01:33:25Z,Relocate Start,,,,,,,,0.018,0.014,0.009,
549,2025-08-01T01:33:25Z,Relocate Start,,,,,,,,0.013,0.017,0.013,
550,2025-08-01T01:33:25Z,Relocate Start,,,,,,,,0.009,0.017,0.01,
551,2025-08-01T01:33:25Z,Relocate Start,,,,,,,,0.015,0.018,0.013,
552,2025-08-01T01:33:26Z,Relocate Start,,,,,,,,0.008,0.016,0.009,
553,2025-08-01T01:33:26Z,Relocate Start,,,,,,,,0.015,0.017,0.011,
554,2025-08-01T01:33:27Z,Relocate Start,,,,,,,,0.011,0.016,0.015,
555,2025-08-01T01:33:27Z,Relocate Start,,,,,,,,0.016,0.013,0.011,
556,2025-08-01T01:33:27Z,Relocate Start,,,,,,,,0.011,0.025,0.017,
557,2025-08-01T01:33:28Z,Relocate Start,,,,,,,,0.021,0.013,0.011,
558,2025-08-01T01:33:28Z,Relocate Start,,,,,,,,0.009,0.016,0.007,
559,2025-08-01T01:33:29Z,Relocate Start,,,,,,,,0.013,0.014,0.014,
560,2025-08-01T01:33:29Z,Relocate Start,,,,,,,,0.007,0.014,0.014,
561,2025-08-01T01:33:29Z,Relocate Start,,,,,,,,0.009,0.017,0.008,
562,2025-08-01T01:33:30Z,Relocate Start,,,,,,,,0.006,0.022,0.01,
563,2025-08-01T01:33:30Z,Relocate Start,,,,,,,,0.013,0.016,0.023,
564,2025-08-01T01:33:31Z,Relocate Start,,,,,,,,0.012,0.028,0.012,
565,2025-08-01T01:33:31Z,Relocate Start,,,,,,,,0.007,0.02,0.014,
566,2025-08-01T01:33:32Z,Relocate Start,,,,,,,,0.008,0.013,0.011,
567,2025-08-01T01:33:32Z,Relocate Start,,,,,,,,0.007,0.015,0.01,
568,2025-08-01T01:33:33Z,Relocate Start,,,,,,,,0.009,0.014,0.01,
569,2025-08-01T01:33:33Z,Relocate Start,,,,,,,,0.015,0.022,0.026,
570,2025-08-01T01:33:34Z,Relocate Start,,,,,,,,0.01,0.026,0.011,
571,2025-08-01T01:33:34Z,Relocate Start,,,,,,,,0.017,0.018,0.01,
572,2025-08-01T01:33:35Z,Relocate Start,,,,,,,,0.013,0.021,0.021,
573,2025-08-01T01:33:35Z,Relocate Start,,,,,,,,0.01,0.012,0.007,
574,2025-08-01T01:33:35Z,Relocate Start,,,,,,,,0.007,0.013,0.016,
575,2025-08-01T01:33:36Z,Relocate Start,,,,,,,,0.007,0.02,0.02,
576,2025-08-01T01:33:36Z,Relocate Start,,,,,,,,0.006,0.015,0.013,
577,2025-08-01T01:33:37Z,Relocate Start,,,,,,,,0.013,0.026,0.022,
578,2025-08-01T01:33:37Z,Relocate Start,,,,,,,,0.009,0.016,0.014,
579,2025-08-01T01:33:37Z,Relocate Start,,,,,,,,0.012,0.012,0.014,
580,2025-08-01T01:33:38Z,Relocate Start,,,,,,,,0.01,0.015,0.009,
581,2025-08-01T01:33:38Z,Relocate Start,,,,,,,,0.012,0.017,0.012,
582,2025-08-01T01:33:39Z,Relocate Start,,,,,,,,0.007,0.012,0.011,
583,2025-08-01T01:33:39Z,Relocate Start,,,,,,,,0.008,0.018,0.012,
584,2025-08-01T01:33:39Z,Relocate Start,,,,,,,,0.011,0.019,0.022,
585,2025-08-01T01:33:40Z,Relocate Start,,,,,,,,0.011,0.013,0.011,
586,2025-08-01T01:33:40Z,Relocate Start,,,,,,,,0.011,0.019,0.018,
587,2025-08-01T01:33:41Z,Relocate Start,,,,,,,,0.018,0.024,0.015,
588,2025-08-01T01:33:41Z,Relocate Start,,,,,,,,0.011,0.014,0.012,
589,2025-08-01T01:33:42Z,Relocate Start,,,,,,,,0.015,0.029,0.009,
590,2025-08-01T01:33:42Z,Relocate Start,,,,,,,,0.044,0.014,0.02,
591,2025-08-01T01:33:43Z,Relocate Start,,,,,,,,0.01,0.031,0.018,
592,2025-08-01T01:33:43Z,Relocate Start,,,,,,,,0.008,0.025,0.011,
593,2025-08-01T01:33:43Z,Relocate Start,,,,,,,,0.007,0.024,0.01,
594,2025-08-01T01:33:44Z,Relocate Start,,,,,,,,0.01,0.015,0.007,
595,2025-08-01T01:33:44Z,Relocate Start,,,,,,,,0.012,0.013,0.016,
596,2025-08-01T01:33:45Z,Relocate Start,,,,,,,,0.012,0.026,0.007,
597,2025-08-01T01:33:45Z,Relocate Start,,,,,,,,0.009,0.022,0.013,
598,2025-08-01T01:33:45Z,Relocate Start,,,,,,,,0.007,0.029,0.014,
599,2025-08-01T01:33:46Z,Relocate Start,,,,,,,,0.007,0.024,0.01,
600,2025-08-01T01:33:46Z,Relocate Start,,,,,,,,0.01,0.024,0.012,
601,2025-08-01T01:33:47Z,Relocate Start,,,,,,,,0.009,0.028,0.018,
602,2025-08-01T01:33:47Z,Relocate Start,,,,,,,,0.019,0.017,0.015,
603,2025-08-01T01:33:48Z,Relocate Start,,,,,,,,0.015,0.018,0.014,
604,2025-08-01T01:33:48Z,Relocate Start,,,,,,,,0.008,0.013,0.007,
605,2025-08-01T01:33:49Z,Relocate Start,,,,,,,,0.008,0.03,0.055,
606,2025-08-01T01:33:49Z,Relocate Start,,,,,,,,0.007,0.02,0.015,
607,2025-08-01T01:33:49Z,Relocate Start,,,,,,,,0.016,0.024,0.049,
608,2025-08-01T01:33:50Z,Relocate Start,,,,,,,,0.009,0.024,0.016,
609,2025-08-01T01:33:50Z,Relocate Start,,,,,,,,0.01,0.019,0.009,
610,2025-08-01T01:33:51Z,Relocate Start,,,,,,,,0.013,0.015,0.021,
611,2025-08-01T01:33:51Z,Relocate Start,,,,,,,,0.008,0.014,0.011,
612,2025-08-01T01:33:52Z,Relocate Start,,,,,,,,0.008,0.013,0.014,
613,2025-08-01T01:33:52Z,Relocate Start,,,,,,,,0.012,0.027,0.011,
614,2025-08-01T01:33:53Z,Relocate Start,,,,,,,,0.052,0.014,0.009,
615,2025-08-01T01:33:53Z,Relocate Start,,,,,,,,0.01,0.028,0.01,
616,2025-08-01T01:33:53Z,Relocate Start,,,,,,,,0.007,0.018,0.013,
617,2025-08-01T01:33:54Z,Relocate Start,,,,,,,,0.014,0.018,0.011,
618,2025-08-01T01:33:54Z,Relocate Start,,,,,,,,0.009,0.015,0.014,
619,2025-08-01T01:33:55Z,Relocate Start,,,,,,,,0.008,0.013,0.008,
620,2025-08-01T01:33:55Z,Relocate Start,,,,,,,,0.014,0.012,0.016,
621,2025-08-01T01:33:56Z,Relocate Start,,,,,,,,0.008,0.017,0.013,
622,2025-08-01T01:33:56Z,Relocate Start,,,,,,,,0.009,0.016,0.012,
623,2025-08-01T01:33:56Z,Relocate Start,,,,,,,,0.027,0.019,0.008,
624,2025-08-01T01:33:57Z,Relocate Start,,,,,,,,0.009,0.015,0.013,
625,2025-08-01T01:33:57Z,Relocate Start,,,,,,,,0.01,0.023,0.017,
626,2025-08-01T01:33:58Z,Relocate Start,,,,,,,,0.005,0.017,0.014,
627,2025-08-01T01:33:58Z,Relocate Start,,,,,,,,0.012,0.024,0.014,
628,2025-08-01T01:33:59Z,Relocate Start,,,,,,,,0.008,0.016,0.011,
629,2025-08-01T01:33:59Z,Relocate Start,,,,,,,,0.016,0.014,0.01,
630,2025-08-01T01:33:59Z,Relocate Start,,,,,,,,0.011,0.017,0.014,
631,2025-08-01T01:34:00Z,Relocate Start,,,,,,,,0.016,0.026,0.017,
632,2025-08-01T01:34:00Z,Relocate Start,,,,,,,,0.013,0.016,0.024,
633,2025-08-01T01:34:01Z,Relocate Start,,,,,,,,0.014,0.014,0.014,
634,2025-08-01T01:34:01Z,Relocate Start,,,,,,,,0.018,0.021,0.02,
635,2025-08-01T01:34:02Z,Relocate Start,,,,,,,,0.009,0.014,0.014,
636,2025-08-01T01:34:02Z,Relocate Start,,,,,,,,0.013,0.016,0.02,
637,2025-08-01T01:34:03Z,Relocate Start,,,,,,,,0.009,0.022,0.011,
638,2025-08-01T01:34:03Z,Relocate Start,,,,,,,,0.016,0.017,0.014,
639,2025-08-01T01:34:03Z,Relocate Start,,,,,,,,0.013,0.019,0.006,
640,2025-08-01T01:34:04Z,Relocate Start,,,,,,,,0.011,0.013,0.009,
641,2025-08-01T01:34:04Z,Relocate Start,,,,,,,,0.008,0.02,0.014,
642,2025-08-01T01:34:05Z,Relocate Start,,,,,,,,0.019,0.019,0.015,
643,2025-08-01T01:34:05Z,Relocate Start,,,,,,,,0.013,0.017,0.017,
644,2025-08-01T01:34:06Z,Relocate Start,,,,,,,,0.008,0.017,0.011,
645,2025-08-01T01:34:06Z,Relocate Start,,,,,,,,0.011,0.016,0.013,
646,2025-08-01T01:34:06Z,Relocate Start,,,,,,,,0.022,0.012,0.011,
647,2025-08-01T01:34:07Z,Relocate Start,,,,,,,,0.017,0.014,0.011,
648,2025-08-01T01:34:07Z,Relocate Start,,,,,,,,0.013,0.019,0.01,
649,2025-08-01T01:34:07Z,Relocate Start,,,,,,,,0.078,0.028,0.022,
650,2025-08-01T01:34:08Z,Relocate Start,,,,,,,,0.01,0.014,0.012,
651,2025-08-01T01:34:08Z,Relocate Start,,,,,,,,0.018,0.029,0.021,
652,2025-08-01T01:34:09Z,Relocate Start,,,,,,,,0.035,0.016,0.011,
653,2025-08-01T01:34:09Z,Relocate Start,,,,,,,,0.01,0.019,0.019,
654,2025-08-01T01:34:09Z,Relocate Start,,,,,,,,0.015,0.014,0.012,
655,2025-08-01T01:34:10Z,Relocate Start,,,,,,,,0.01,0.017,0.011,
656,2025-08-01T01:34:10Z,Relocate Start,,,,,,,,0.01,0.017,0.008,
657,2025-08-01T01:34:11Z,Relocate Start,,,,,,,,0.007,0.016,0.012,
658,2025-08-01T01:34:11Z,Relocate Start,,,,,,,,0.009,0.043,0.012,
659,2025-08-01T01:34:12Z,Relocate Start,,,,,,,,0.008,0.015,0.012,
660,2025-08-01T01:34:12Z,Relocate Start,,,,,,,,0.009,0.02,0.012,
661,2025-08-01T01:34:13Z,Relocate Start,,,,,,,,0.013,0.015,0.01,
662,2025-08-01T01:34:13Z,Relocate Start,,,,,,,,0.028,0.027,0.022,
663,2025-08-01T01:34:14Z,Relocate Start,,,,,,,,0.012,0.012,0.006,
664,2025-08-01T01:34:14Z,Relocate Start,,,,,,,,0.015,0.019,0.011,
665,2025-08-01T01:34:14Z,Relocate Start,,,,,,,,0.01,0.019,0.014,
666,2025-08-01T01:34:15Z,Relocate Start,,,,,,,,0.015,0.024,0.008,
667,2025-08-01T01:34:15Z,Relocate Start,,,,,,,,0.008,0.017,0.02,
668,2025-08-01T01:34:16Z,Relocate Start,,,,,,,,0.011,0.038,0.015,
669,2025-08-01T01:34:16Z,Relocate Start,,,,,,,,0.007,0.015,0.008,
670,2025-08-01T01:34:17Z,Relocate Start,,,,,,,,0.01,0.019,0.011,
671,2025-08-01T01:34:17Z,Relocate Start,,,,,,,,0.01,0.016,0.01,
672,2025-08-01T01:34:17Z,Relocate Start,,,,,,,,0.007,0.014,0.014,
673,2025-08-01T01:34:17Z,Relocate Start,,,,,,,,0.012,0.019,0.012,
674,2025-08-01T01:34:18Z,Relocate Start,,,,,,,,0.007,0.031,0.011,
675,2025-08-01T01:34:18Z,Relocate Start,,,,,,,,0.008,0.015,0.011,
676,2025-08-01T01:34:19Z,Relocate Start,,,,,,,,0.01,0.018,0.01,
677,2025-08-01T01:34:19Z,Relocate Start,,,,,,,,0.008,0.019,0.007,
678,2025-08-01T01:34:19Z,Relocate Start,,,,,,,,0.007,0.015,0.009,
679,2025-08-01T01:34:20Z,Mark Start,,,,,,,,0.007,,,
